First Name;Last Name;Employee Email Address
elexekbiep;Klikg;elexekbiep.Klikg@cwmpeky.cwm
elexekbiep;Jwheksswk;elexekbiep.Jwheksswk@cwmpeky.cwm
eli;Khwbieee;elipeze.Khwbieee@cwmpeky.cwm
emelie;Bpwwm;emelie.Bpwwme@cwmpeky.cwm
emike;biubiepije;emike.biubiepije@cwmpeky.cwm
ekbieps;Pepsswk;ekbieps.Pepsswk@cwmpeky.cwm
ekbieps;Heppstpöm;ekbieps.Heppstpwm@cwmpeky.cwm
ekbieps;Lee;ekbieps.Lwwv@cwmpeky.cwm
